{
    "experiment_name": "mujoco_tests",
    "env_id": "HalfCheetah-v5",
    "seed": 1,
    "episode_rewards": [
        -324.4645269018435,
        -100.82386043297332,
        93.8611724861547,
        -354.7542507525745,
        -364.67039804768,
        -318.8706073066805,
        101.93502933059715,
        -46.78434008006954,
        -89.83844855862027,
        103.36790919128566
    ],
    "average_reward": -130.10423210724042,
    "timestamp": 1745612920
}